first_proposed,last_proposed,kind,key,title,url,evidence,description,status
2026-09-11,2026-09-11,firm,citadel,Citadel (hedge fund),https://www.citadel.com/careers/students/,403 Cloudflare intermittently (1 of 3 fetches over 12 samples); homepage always 403. An intermittent block is worse than a hard one - it would fire spurious source failures. method=manual is correct.,,rejected
2026-09-11,2026-09-11,firm,goldman-emerging-leaders,Goldman Sachs Emerging Leaders Series,https://www.goldmansachs.com/careers/students/programs-and-internships/americas/emerging-leaders-series,403 Akamai. higher.gs.com/roles returns 200 but 29 chars (JS shell). Programme is live for 2026 but only reachable at edition-specific Avature URLs that expire.,,rejected
2026-09-11,2026-09-11,firm,quantlab,Quantlab Financial,https://www.quantlab.com/careers,"403 S3 AccessDenied, 26 chars. Its Jobvite board returns 200 with 237 chars (empty, under the 500 floor) and redirects back into the block.",,rejected
2026-09-11,2026-09-11,firm,numerai,Numerai,https://numer.ai/careers,404. No first-party careers page; Wellfound 403s us and Built In serves nav boilerplate with zero titles.,,rejected
2026-09-11,2026-09-11,firm,xr-trading,XR Trading,https://www.xrtrading.com/,"Paylocity React shell: board returns 670 chars, all of it 'unsupported browser' boilerplate, zero titles. Bundle grepped - no JSON endpoint exists.",,rejected
2026-09-11,2026-09-11,firm,wh-trading,WH Trading,https://whtrading.com/life-at-wh-trading/,"Page is 2,320 chars but lists no roles; /careers and /jobs 404. Hiring via opportunities@whtrading.com only.",,rejected
2026-09-11,2026-09-11,firm,cutler-group,Cutler Group,https://cutlerllc.com/,"224 chars, under the floor; WP REST shows two pages total. NOTE cutlergroup.com is a Canadian bathroom-vanity manufacturer - wrong company.",,rejected
2026-09-11,2026-09-11,firm,consolidated-trading,Consolidated Trading,http://consolidatedtrading.com/,"1,086 chars with no careers content, all careers paths 404, HTTPS handshake fails.",,rejected
2026-09-11,2026-09-11,firm,emergent-trading,Emergent Trading,https://www.emergenttrading.com/join,"Ember.js shell: /join is the real careers route and returns 0 chars. App and vendor bundles grepped, no ATS and no fetch target.",,rejected
2026-09-11,2026-09-11,firm,nico-trading,Nico Trading,https://nicotrading.com,"114-byte GoDaddy parking redirect, 0 chars. Firm operating but web-dark.",,rejected
2026-09-11,2026-09-11,firm,arb-trading-group,Arb Trading Group,https://arb-tg.com/,"4,775-char Webflow site, every careers path 404. arbtrading.com is a catch-all serving the same page for all 22 paths - a trap that would look healthy.",,rejected
2026-09-11,2026-09-11,firm,qim,Quantitative Investment Management,https://quantitative.com/,"Every path 404 while robots.txt returns 200 - the site is genuinely unpublished, not blocking us. Firm is still an active RIA.",,rejected
2026-09-11,2026-09-11,firm,dark-forest-tech,Dark Forest Technologies,https://darkforesttech.com/,"231 chars, under the floor. A single GitHub Pages placeholder; recruiting@darkforesttech.com only.",,rejected
2026-09-11,2026-09-11,firm,freestone-grove,Freestone Grove Partners,https://jobs.gem.com/freestone-grove-partners,"Gem JS shell, 32 chars. Board verified real but empty: the GraphQL POST returns jobPostings: []. Worth re-probing later.",,rejected
2026-09-11,2026-09-11,firm,sensato-investors,Sensato Investors,https://sensatoinvestors.com,"HTTPS TLS internal error; over http, 27KB of HTML yields 44 chars. No careers link anywhere.",,rejected
2026-09-11,2026-09-11,firm,tyler-capital,Tyler Capital,https://www.tylercapital.co.uk/,"Watchable (2,093 chars) but states explicitly: 'we don't run an internship or graduate recruitment program'. UK-only. Not worth a row.",,rejected
2026-09-11,2026-09-11,firm,laurion-capital,Laurion Capital,laurioncapitalmanagement (greenhouse),"Slug resolves but the board has 0 postings. A permanently empty board can only ever look healthy-and-quiet, so it is not added - same call as optiver/marshallwace in Phase 2.",,rejected
2026-09-11,2026-09-11,firm,alphagrep,AlphaGrep Securities,alphagrepsecurities (greenhouse),"16 jobs including a 2027 Campus Program, but every location is India/China/Singapore - zero US rows now or historically.",,rejected
2026-09-11,2026-09-11,firm,quantbox-research,Quantbox Research,quantboxresearchpte (greenhouse),"7 jobs, junior roles are Amsterdam/Singapore only.",,rejected
2026-09-11,2026-09-11,firm,allston-trading,Allston Trading,https://allstontrading.com,"DNS resolves, ports 443 and 80 closed. Acquired by DV Trading Dec 2021; DV's board is already watched as dvtrading-greenhouse.",,rejected
2026-09-11,2026-09-11,firm,alphasimplex,AlphaSimplex,https://www.alphasimplex.com/,"Acquired by Virtus (closed Apr 2023). The Workday board that answers is all-Virtus sales/advisory, not quant.",,rejected
2026-09-11,2026-09-11,firm,spot-trading,Spot Trading,https://spottradingllc.com,"DEFUNCT: 'Coming Soon' placeholder, 40 chars. Firm closed 28 Feb 2018.",,rejected
2026-09-11,2026-09-11,firm,qvr-advisors,QVR Advisors,https://qvradvisors.com,DEFUNCT: homepage rewritten to past tense ('was formerly a boutique SEC-registered investment advisor'). Closing after ~30% losses Jan-Apr 2026.,,rejected
2026-09-11,2026-09-11,firm,eisler-capital,Eisler Capital,https://eislercapital.com,DEFUNCT: no A record; www CNAMEs to a torn-down CloudFront distribution. Flagship wound down 31 Dec 2025.,,rejected
2026-09-11,2026-09-11,firm,rosetta-analytics,Rosetta Analytics,https://rosetta-analytics.com/,"DEFUNCT: 114 bytes, 0 chars, JS redirect to a parking lander. Closed March 2025.",,rejected
2026-09-11,2026-09-11,firm,summerside-capital,Summerside Capital,,No A record on five domain variants. No trading firm of this name appears to exist.,,rejected
2026-09-11,2026-09-11,firm,kinetic-trading-partners,Kinetic Trading Partners,,"Zero LinkedIn results, absent from every quant directory checked. The name collides with Kinetic Partners Management LP, Kinetix Trading Solutions and retail prop-firm affiliate sites.",,rejected
2026-09-14,2026-09-14,repo,repo:chieler/summer-2027-swe-internships,Chieler/Summer-2027-SWE-Internships,https://github.com/Chieler/Summer-2027-SWE-Internships,"26 stars, pushed 2026-09-13; matched ""Summer 2027 Internships""","A 26-star Summer 2027 SWE tracker, actively pushed but far too small to add anything the five watched aggregators miss.",discarded-low-priority
2026-09-14,2026-09-14,repo,repo:vanshb03/summer2027-internships,vanshb03/Summer2027-Internships,https://github.com/vanshb03/Summer2027-Internships,"9045 stars, pushed 2026-08-23; matched ""Summer 2027 Internships""","A 9,045-star Summer 2027 internship tracker, an order of magnitude larger than the other two found and pushed within the last month.",accepted
2026-09-14,2026-09-14,repo,repo:sndsh404/summer-2027-internships,sndsh404/summer-2027-internships,https://github.com/sndsh404/summer-2027-internships,"934 stars, pushed 2026-08-03; matched ""Summer 2027 Internships""","A 934-star Summer 2027 tracker, below the scale that would justify a sixth aggregator alongside the five already watched.",discarded-low-priority
2026-09-14,2026-09-14,greenhouse,greenhouse:appian,appian,https://boards-api.greenhouse.io/v1/boards/appian/jobs?content=true,"linked from simplify-2027.tsv; not in sources.csv; API returns 172 postings, 10 US student rows","Appian, an enterprise process-automation software vendor whose software engineering internships already reach the digest through Simplify.",discarded-low-priority
2026-09-14,2026-09-14,greenhouse,greenhouse:cssmerge,cssmerge,https://boards-api.greenhouse.io/v1/boards/cssmerge/jobs?content=true,"linked from simplify-2027.tsv; not in sources.csv; API returns 245 postings, 2 US student rows","CloudKitchens and City Storage Systems, a ghost-kitchen property operator whose robotics and ML engineering internships arrive via Simplify already.",discarded-low-priority
2026-09-14,2026-09-14,greenhouse,greenhouse:bti36021,bti36021,https://boards-api.greenhouse.io/v1/boards/bti36021/jobs?content=true,"linked from simplify-2027.tsv; not in sources.csv; API returns 12 postings, 1 US student rows","BTI360, a Virginia defense software contractor whose roles all require an active security clearance, with one student posting in twelve.",discarded-low-priority
2026-09-14,2026-09-14,greenhouse,greenhouse:chicagotradingcampus,chicagotradingcampus,https://boards-api.greenhouse.io/v1/boards/chicagotradingcampus/jobs?content=true,"linked from simplify-2027.tsv; not in sources.csv; API returns 8 postings, 4 US student rows","Chicago Trading Company's second campus board, listing the same Summer 2027 quant trading and software roles, so add whichever of the two is canonical and reject the other.",proposed
2026-09-14,2026-09-14,greenhouse,greenhouse:ctccampusboard,ctccampusboard,https://boards-api.greenhouse.io/v1/boards/ctccampusboard/jobs?content=true,"linked from simplify-2027.tsv; not in sources.csv; API returns 6 postings, 4 US student rows","Chicago Trading Company's campus board, carrying Summer 2027 Quant Trading and Software Engineering internships in Chicago and New York.",proposed
2026-09-14,2026-09-14,greenhouse,greenhouse:compeerfinancial,compeerfinancial,https://boards-api.greenhouse.io/v1/boards/compeerfinancial/jobs?content=true,"linked from simplify-2027.tsv; not in sources.csv; API returns 67 postings, 0 US student rows","Compeer Financial, an agricultural lending cooperative in Minnesota and Wisconsin whose interns do accounting, crop insurance and ag lending.",discarded-low-priority
2026-09-14,2026-09-14,greenhouse,greenhouse:devtechnology,devtechnology,https://boards-api.greenhouse.io/v1/boards/devtechnology/jobs?content=true,"linked from simplify-2027.tsv; not in sources.csv; API returns 26 postings, 5 US student rows","Dev Technology Group, a Virginia government-IT contractor whose Summer 2027 AI/ML and full-stack internships are already listed on Simplify.",discarded-low-priority
2026-09-14,2026-09-14,greenhouse,greenhouse:eulerity,eulerity,https://boards-api.greenhouse.io/v1/boards/eulerity/jobs?content=true,"linked from simplify-2027.tsv; not in sources.csv; API returns 17 postings, 6 US student rows","Eulerity, a small New York marketing-automation startup with backend and iOS internships already visible through Simplify.",discarded-low-priority
2026-09-14,2026-09-14,greenhouse,greenhouse:gallup,gallup,https://boards-api.greenhouse.io/v1/boards/gallup/jobs?content=true,"linked from simplify-2027.tsv; not in sources.csv; API returns 54 postings, 5 US student rows","Gallup, the polling and analytics firm, whose Summer 2027 data science and AI/ML internships already reach the digest through Simplify.",discarded-low-priority
2026-09-14,2026-09-14,greenhouse,greenhouse:gardacp,gardacp,https://boards-api.greenhouse.io/v1/boards/gardacp/jobs?content=true,"linked from simplify-2027.tsv; not in sources.csv; API returns 14 postings, 4 US student rows","Garda Capital Partners, a quantitative fixed-income hedge fund in New York and Wayzata hiring Trading Analyst interns in credit and mortgages.",proposed
2026-09-14,2026-09-14,greenhouse,greenhouse:generalmatter,generalmatter,https://boards-api.greenhouse.io/v1/boards/generalmatter/jobs?content=true,"linked from simplify-2027.tsv; not in sources.csv; API returns 132 postings, 24 US student rows","General Matter enriches uranium, and its new-graduate roles are chemical, electrical and manufacturing engineering rather than software.",discarded-low-priority
2026-09-14,2026-09-14,greenhouse,greenhouse:hpiq,hpiq,https://boards-api.greenhouse.io/v1/boards/hpiq/jobs?content=true,"linked from simplify-2027.tsv; not in sources.csv; API returns 32 postings, 7 US student rows","HP IQ, HP's AI innovation lab in San Francisco, whose five Summer 2027 software internships are already carried by Simplify.",discarded-low-priority
2026-09-14,2026-09-14,greenhouse,greenhouse:hudl,hudl,https://boards-api.greenhouse.io/v1/boards/hudl/jobs?content=true,"linked from simplify-2027.tsv; not in sources.csv; API returns 31 postings, 3 US student rows","Hudl, a sports video-analytics company in Lincoln, Nebraska, whose software internships already appear on Simplify.",discarded-low-priority
2026-09-14,2026-09-14,greenhouse,greenhouse:idmeuniversityrecruiting,idmeuniversityrecruiting,https://boards-api.greenhouse.io/v1/boards/idmeuniversityrecruiting/jobs?content=true,"linked from simplify-2027.tsv; not in sources.csv; API returns 7 postings, 7 US student rows","ID.me's early-career board, seven student and new-graduate postings that Simplify already surfaces.",discarded-low-priority
2026-09-14,2026-09-14,greenhouse,greenhouse:k2spacecorporation,k2spacecorporation,https://boards-api.greenhouse.io/v1/boards/k2spacecorporation/jobs?content=true,"linked from simplify-2027.tsv; not in sources.csv; API returns 219 postings, 9 US student rows","K2 Space builds satellites, and every one of its internships is avionics, GNC, mechanical or electrical engineering.",discarded-low-priority
2026-09-14,2026-09-14,greenhouse,greenhouse:klaviyocampus,klaviyocampus,https://boards-api.greenhouse.io/v1/boards/klaviyocampus/jobs?content=true,"linked from simplify-2027.tsv; not in sources.csv; API returns 3 postings, 2 US student rows","Klaviyo's campus board, a Boston marketing-automation firm whose single Summer 2027 software internship already arrives via Simplify.",discarded-low-priority
2026-09-14,2026-09-14,greenhouse,greenhouse:testnisc,testnisc,https://boards-api.greenhouse.io/v1/boards/testnisc/jobs?content=true,"linked from simplify-2027.tsv; not in sources.csv; API returns 37 postings, 9 US student rows","A test and staging duplicate of the NISC board, carrying the same postings, so an artifact rather than a source.",discarded-low-priority
2026-09-14,2026-09-14,greenhouse,greenhouse:nisc,nisc,https://boards-api.greenhouse.io/v1/boards/nisc/jobs?content=true,"linked from simplify-2027.tsv; not in sources.csv; API returns 39 postings, 8 US student rows","NISC, a cooperative building software for utilities, whose data engineering and database internships already reach the digest through Simplify.",discarded-low-priority
2026-09-14,2026-09-14,greenhouse,greenhouse:pacificfusion,pacificfusion,https://boards-api.greenhouse.io/v1/boards/pacificfusion/jobs?content=true,"linked from simplify-2027.tsv; not in sources.csv; API returns 37 postings, 5 US student rows","Pacific Fusion, a fusion-energy startup whose Summer 2027 intake is mechanical, electrical and manufacturing engineering with one software role among them.",discarded-low-priority
2026-09-14,2026-09-14,lever,lever:tgsmc,tgsmc,https://api.lever.co/v0/postings/tgsmc?mode=json,"found in the HTML of tgs-join-our-team, which is watched as page_text; not in sources.csv; API returns 0 postings, 0 US student rows","TGS Management's Lever board, a quant trading firm currently watched only as page text, empty today but positioned to catch a posting the page watcher can miss.",proposed
2026-09-21,2026-09-21,greenhouse,greenhouse:aperaaiinc,aperaaiinc,https://boards-api.greenhouse.io/v1/boards/aperaaiinc/jobs?content=true,"linked from simplify-2027.tsv; not in sources.csv; API returns 9 postings, 0 US student rows","Greenhouse API feed for an AI product startup (Apera AI) — a small, non-quant board with only nine postings that are redundant with existing aggregators and don’t add finance-focused roles.",discarded-low-priority
2026-09-21,2026-09-21,greenhouse,greenhouse:doordashusa,doordashusa,https://boards-api.greenhouse.io/v1/boards/doordashusa/jobs?content=true,"linked from simplify-2027.tsv; not in sources.csv; API returns 462 postings, 5 US student rows",Greenhouse API feed of DoorDash's jobs (consumer food-delivery and logistics company with significant software engineering roles); a large generic tech employer already covered by aggregators and not a quant shop.,discarded-low-priority
2026-09-21,2026-09-21,greenhouse,greenhouse:doordashcanada,doordashcanada,https://boards-api.greenhouse.io/v1/boards/doordashcanada/jobs?content=true,"linked from simplify-2027.tsv; not in sources.csv; API returns 34 postings, 0 US student rows","DoorDash Canada’s Greenhouse board lists roles for the food-delivery and logistics business but these are Canada-focused (no US-student rows) and duplicate coverage of a large employer already monitored, so it’s not worth adding.",discarded-low-priority
2026-09-21,2026-09-21,greenhouse,greenhouse:duolingounirecruitment,duolingounirecruitment,https://boards-api.greenhouse.io/v1/boards/duolingounirecruitment/jobs?content=true,"linked from simplify-2027.tsv; not in sources.csv; API returns 3 postings, 3 US student rows",Duolingo is a consumer language‑learning app/company offering a small set of software internships (3 listings) that are general engineering roles likely already captured by large aggregators and not focused on quantitative finance.,discarded-low-priority
2026-09-21,2026-09-21,greenhouse,greenhouse:figma,figma,https://boards-api.greenhouse.io/v1/boards/figma/jobs?content=true,"linked from simplify-2027.tsv; not in sources.csv; API returns 152 postings, 6 US student rows",Figma runs a Greenhouse job board listing internships at a design collaboration software company; it’s a generic software employer with a few US student roles and is likely already covered by existing aggregators and company boards.,discarded-low-priority
2026-09-28,2026-09-28,greenhouse,greenhouse:drwuniversityjobs,drwuniversityjobs,https://boards-api.greenhouse.io/v1/boards/drwuniversityjobs/jobs?content=true,"linked from simplify-2027.tsv; not in sources.csv; API returns 2 postings, 1 US student rows","Greenhouse API feed for DRW's university jobs board listing internships from DRW, a proprietary trading firm and market maker—worth watching because it's a quant trading shop whose full board should be tracked (API currently returns 2 postings, one with a US student eligibility row).",proposed
2026-09-28,2026-09-28,greenhouse,greenhouse:astranis,astranis,https://boards-api.greenhouse.io/v1/boards/astranis/jobs?content=true,"linked from simplify-2027.tsv; not in sources.csv; API returns 164 postings, 86 US student rows","Greenhouse board for Astranis, which builds small geostationary communications satellites (aerospace/hardware); not a quant finance or primarily software employer so its internship listings are low priority for this student.",discarded-low-priority
2026-10-05,2026-10-05,greenhouse,greenhouse:gleanwork,gleanwork,https://boards-api.greenhouse.io/v1/boards/gleanwork/jobs?content=true,"linked from aprameyak-2027.tsv; not in sources.csv; API returns 128 postings, 1 US student rows","Greenhouse jobs API for Gleanwork — a startup’s job feed with 128 postings (including 1 US student row); the employer’s business isn’t clear from the feed, so it merits human review for possible first‑year-friendly quant/CS roles.",proposed
2026-10-05,2026-10-05,ashby,ashby:harvey,harvey,https://api.ashbyhq.com/posting-api/job-board/harvey,"linked from aprameyak-2027.tsv; not in sources.csv; API returns 324 postings, 4 US student rows","An Ashby-hosted job board (firm business not identified in the data) returning 324 postings including four U.S. student internship rows, so the employer’s business and student eligibility need human review.",proposed
2026-10-05,2026-10-05,greenhouse,greenhouse:profluent,profluent,https://boards-api.greenhouse.io/v1/boards/profluent/jobs?content=true,"linked from dreamworkhq-2027.tsv; not in sources.csv; API returns 16 postings, 2 US student rows","Greenhouse job API for Profluent (company business unclear from the feed) returning 16 postings including two US-student internship rows, so it warrants review since the firm's activity isn’t identified and could be relevant to first-year applicants.",proposed
2026-10-05,2026-10-05,greenhouse,greenhouse:roboforce,roboforce,https://boards-api.greenhouse.io/v1/boards/roboforce/jobs?content=true,"linked from dreamworkhq-2027.tsv; not in sources.csv; API returns 16 postings, 2 US student rows","Greenhouse jobs API for RoboForce — the feed lists internships (including two US-student roles), but the company's business is not clear from the postings so it warrants human review.",proposed
2026-10-05,2026-10-05,greenhouse,greenhouse:wight,wight,https://boards-api.greenhouse.io/v1/boards/wight/jobs?content=true,"linked from dreamworkhq-2027.tsv; not in sources.csv; API returns 21 postings, 7 US student rows","Greenhouse jobs API feed for 'Wight' that returns 21 postings (including 7 US-student rows) but the company's actual business is not identifiable from the feed metadata, so a human should check whether it’s a relevant quant/early-student employer.",proposed
2026-10-05,2026-10-05,greenhouse,greenhouse:affirm,affirm,https://boards-api.greenhouse.io/v1/boards/affirm/jobs?content=true,"linked from aprameyak-2027.tsv; not in sources.csv; API returns 188 postings, 2 US student rows","Affirm is a consumer fintech lending/payments company; its Greenhouse API lists many openings including two US student roles, but it’s a typical software/fintech employer rather than a quant-focused shop and is unlikely to add unique first‑year quantitative opportunities.",discarded-low-priority
2026-10-05,2026-10-05,greenhouse,greenhouse:attentive,attentive,https://boards-api.greenhouse.io/v1/boards/attentive/jobs?content=true,"linked from aprameyak-2027.tsv; not in sources.csv; API returns 31 postings, 1 US student rows",Attentive is a customer-engagement/SMS marketing software company whose Greenhouse API returns ~31 jobs (one explicitly for US students) but it’s a generic software employer unlikely to add unique freshman-friendly quantitative finance or early-career opportunities.,discarded-low-priority
2026-10-05,2026-10-05,greenhouse,greenhouse:graphcore,graphcore,https://boards-api.greenhouse.io/v1/boards/graphcore/jobs?content=true,"linked from dreamworkhq-2027.tsv; not in sources.csv; API returns 177 postings, 5 US student rows","Graphcore is a maker of AI accelerator hardware (IPU processors); its Greenhouse API shows many hardware/engineering roles (177 postings, only ~5 US student rows), so it’s unlikely to add unique first‑year software/quant internship opportunities for this student.",discarded-low-priority
2026-10-05,2026-10-05,greenhouse,greenhouse:smartlyio,smartlyio,https://boards-api.greenhouse.io/v1/boards/smartlyio/jobs?content=true,"linked from dreamworkhq-2027.tsv; not in sources.csv; API returns 70 postings, 3 US student rows","Smartly.io is a social media advertising automation platform; it's a typical software/adtech employer (not a quant shop) and its internship listings duplicate what general aggregators already surface, so it's low priority for this tracker.",discarded-low-priority
2026-10-05,2026-10-05,greenhouse,greenhouse:aevexaerospace,aevexaerospace,https://boards-api.greenhouse.io/v1/boards/aevexaerospace/jobs?content=true,"linked from dreamworkhq-2027.tsv; not in sources.csv; API returns 55 postings, 1 US student rows","Aevex Aerospace is an aerospace and defense engineering contractor; its Greenhouse board contains mostly aerospace/defense roles (not software/quant) and only one US student posting, so it’s low relevance for this first‑year Stanford student focused on quant and CS opportunities.",discarded-low-priority
2026-10-05,2026-10-05,greenhouse,greenhouse:defenseunicorns,defenseunicorns,https://boards-api.greenhouse.io/v1/boards/defenseunicorns/jobs?content=true,"linked from dreamworkhq-2027.tsv; not in sources.csv; API returns 52 postings, 3 US student rows","A defense-focused software and cybersecurity contractor whose Greenhouse board lists ~52 roles including a few US student internships, but it’s not a quantitative finance shop and is already the type of single-employer posting the aggregators typically cover, so low priority.",discarded-low-priority
2026-10-05,2026-10-05,greenhouse,greenhouse:dlrgroup,dlrgroup,https://boards-api.greenhouse.io/v1/boards/dlrgroup/jobs?content=true,"linked from dreamworkhq-2027.tsv; not in sources.csv; API returns 206 postings, 38 US student rows","DLR Group is a global architecture, engineering and design firm; its Greenhouse feed lists many internships but they are primarily design/engineering roles (not quantitative finance or software-focused first‑year opportunities) and thus are low priority for this student's tracker.",discarded-low-priority
2026-10-05,2026-10-05,greenhouse,greenhouse:lightmatter,lightmatter,https://boards-api.greenhouse.io/v1/boards/lightmatter/jobs?content=true,"linked from dreamworkhq-2027.tsv; not in sources.csv; API returns 68 postings, 2 US student rows",Lightmatter develops photonic processors and optical hardware accelerators for machine learning; their openings are primarily hardware/optics roles (not quant-focused) and thus are low priority for a first‑year Stanford student seeking quant/math or software internship opportunities.,discarded-low-priority
2026-10-05,2026-10-05,greenhouse,greenhouse:mercury,mercury,https://boards-api.greenhouse.io/v1/boards/mercury/jobs?content=true,"linked from dreamworkhq-2027.tsv; not in sources.csv; API returns 61 postings, 0 US student rows","Mercury is a fintech startup that provides banking for startups; its Greenhouse board lists 61 jobs but appears to have no US student-targeted internship postings, so it’s a low-priority, generic software employer for this freshman.",discarded-low-priority
2026-10-05,2026-10-05,greenhouse,greenhouse:natera,natera,https://boards-api.greenhouse.io/v1/boards/natera/jobs?content=true,"linked from dreamworkhq-2027.tsv; not in sources.csv; API returns 199 postings, 1 US student rows",Natera is a genetic testing and diagnostics company whose openings are predominantly biotech/clinical and mid/upper‑level engineering roles rather than first‑year quantitative finance or CS internships relevant to this student.,discarded-low-priority
2026-10-05,2026-10-05,greenhouse,greenhouse:rebuildmanufacturing,rebuildmanufacturing,https://boards-api.greenhouse.io/v1/boards/rebuildmanufacturing/jobs?content=true,"linked from dreamworkhq-2027.tsv; not in sources.csv; API returns 129 postings, 5 US student rows","Rebuild Manufacturing runs manufacturing and factory construction services and its Greenhouse board mainly lists hardware and operations roles with only a handful of US student internships, so it’s unlikely to add value for a Stanford first‑year focused on quant/math or software.",discarded-low-priority
2026-10-05,2026-10-05,greenhouse,greenhouse:xai,xai,https://boards-api.greenhouse.io/v1/boards/xai/jobs?content=true,"linked from dreamworkhq-2027.tsv; not in sources.csv; API returns 301 postings, 4 US student rows","Greenhouse job feed for XAI, an artificial-intelligence research and product company; contains ~301 listings including four US student roles but is a generic software/AI employer (not a proprietary trading/quant shop) so it’s low priority for this tracker.",discarded-low-priority
2026-10-05,2026-10-05,greenhouse,greenhouse:charlesriverassociates,charlesriverassociates,https://boards-api.greenhouse.io/v1/boards/charlesriverassociates/jobs?content=true,"linked from dreamworkhq-2027.tsv; not in sources.csv; API returns 90 postings, 10 US student rows",An economic and financial consulting firm that posts internships and student roles (90 listings in the API with ~10 US student rows) but is a generic consulting employer rather than a proprietary-quant shop and is unlikely to uniquely serve a Stanford first-year seeking quant/CS internships.,discarded-low-priority
