name,category,url,coverage,why_manual,how_to_check,when_to_check
Discover Citadel,Quant firm program,https://www.citadel.com/careers/programs-and-events/discover-citadel/,Never - blocked,Verified 2026-09-05: HTTP 403 to both a descriptive bot user-agent and a browser user-agent. Cloudflare-enforced. Defeating it would breach the spec's politeness rule.,Open in your browser and look for an Apply button.,Nov/Dec through January. This is freshman-eligible and marked YES - the single most important thing on this sheet.
Citadel programs and events,Quant firm program,https://www.citadel.com/careers/programs-and-events/,Never - blocked,"Verified 2026-09-05: HTTP 403, same Cloudflare block.",Open in your browser.,"Monthly, and weekly in Nov-Jan."
Citadel Securities programs and events,Quant firm program,https://www.citadelsecurities.com/careers/programs-and-events/,Never - blocked,"Verified 2026-09-05: HTTP 403, same Cloudflare block.",Open in your browser. Separate application from the hedge fund side - apply to both.,"Monthly, and weekly in Nov-Jan."
Citadel Datathon / Data Open,Competition,https://www.citadel.com/careers/students/datathons/,Never - blocked,Verified 2026-09-05: HTTP 403 with a Cloudflare interstitial.,Open in your browser; regional rounds are announced there.,Check quarterly.
PCMI Undergraduate Summer School,Research / math,https://www.ias.edu/pcmi,Never - blocked,Verified 2026-09-05: HTTP 403 to both user-agents.,Open ias.edu/pcmi; applications run through MathPrograms.org.,Deadline is Jan 31 - check in early January.
Putnam Competition,Competition,https://maa.org/putnam/,Never - blocked,Verified 2026-09-05: maa.org returns HTTP 403 to automated clients.,"Register through the Stanford math department, not the MAA site.",Register September-October; exam is the first Saturday of December.
Cornell Trading Competition,Competition,https://cornellquantfund.org/competition,Never - announced off-web,"The site is pollable, but announcements go out on the club's Instagram and university listservs BEFORE the page updates. By the time a diff fires you may be late.",Club Instagram plus your Traders @ Stanford channels.,Early fall. Most time-critical item on the whole list.
UChicago Trading Competition,Competition,https://tradingcompetition.uchicago.edu/,Never - announced off-web,Same pattern: listserv and social announcement precedes the page change.,Site plus Traders @ Stanford channels.,November.
Berkeley Trading Competition,Competition,https://traders.studentorg.berkeley.edu/competition/,Never - announced off-web,Social-first announcements. Note: the URL in the original spec (competition.html) is now a 404 - the site was rebuilt in Astro. This is the working URL.,Site plus club socials.,Winter; event late February.
Traders@MIT Trading Competition,Competition,https://traders.mit.edu/competition,Never - announced off-web,"Social-first announcements. Largest intercollegiate competition, so worth the manual attention.",Site plus club socials.,Winter/spring.
Georgetown Quant Club Trading Competition,Competition,https://www.georgetownquants.com/competition,Never - nothing to diff,"Verified 2026-09-05: the server drops a bot-UA connection outright, and a browser UA gets 200 with only 14 characters of text. There is nothing to diff.",Open in your browser.,Winter; event around March.
Jane Street ETC and Symposium,Quant firm program,https://www.janestreet.com/join-jane-street/programs-and-events/,Never - announced off-web,Invite-only through campus recruiting; invitations arrive by email. Verified 2026-09-05: there is no public /etc/ page (404).,Watch your Stanford email and the campus recruiting calendar.,Fall.
SIG First Year Discovery Day,Quant firm program,https://careers.sig.com/discovery-programs/jobs,Planned - phase 3,Verified 2026-09-05: 520 characters of text from a 402KB page - the listings are rendered by JavaScript. Needs a browser to watch; also partly event/invite-driven.,Open in your browser.,Opens around August-September; event in October.
Traders @ Stanford / Quant Gym,Stanford-only,,Never - announced off-web,"A club, not a web page. Entry to several competitions runs through it.",Join the mailing list and Slack/GroupMe in your first week of fall quarter.,Fall.
Stanford CURIS,Stanford-only,https://curis.stanford.edu/,Planned - phase 3,Verified 2026-09-05: 5 characters of text - the whole page is client-rendered. Needs Playwright.,Open in your browser.,January 27 - February 10.
AQR university jobs,Quant firm program,https://careers.aqr.com/jobs/department/university-jobs,Planned - phase 3,Verified 2026-09-05: zero characters of text from 62KB of HTML. Fully client-rendered.,Open in your browser.,Fall.
SLAC careers,Research / math,https://careers.slac.stanford.edu/,Planned - phase 3,Verified 2026-09-05: 4 characters of text. Client-rendered job board.,Open in your browser.,Varies.
DRW campus roles,Quant firm program,https://www.drw.com/work-at-drw/listings?filterType=campus&value=Campus,Planned - phase 3,Verified 2026-09-05: 818 characters of text; listings are client-rendered. Note the spec's URL 308-redirects to this one.,Open in your browser.,Fall.
Math REU master list,Research / math,https://sites.google.com/view/mathreu,Planned - phase 3,Verified 2026-09-05: 973 characters of text - Google Sites renders its content with JavaScript.,Open in your browser.,December through February.
Google Summer of Code,Tech internship,https://summerofcode.withgoogle.com/,Planned - phase 3,"Verified 2026-09-05: 1,885 characters - partially client-rendered, so a plain fetch sees only a fraction of the page.",Open in your browser.,Orgs announced February; applications ~Mar 16-31. Start contributing to open source NOW - pre-application contributions are the strongest predictor of selection.
The Deck Game,Competition,https://thedeckgame.com/,Never - nothing to diff,Verified 2026-09-05: the landing page yields ~28 characters of text and its sitemap lists only / and /about. Even with a browser there is essentially nothing to diff.,Open the site and its socials directly.,Check each quarter.
Kaggle Competitions (all active),Competition,https://www.kaggle.com/competitions,Planned - phase 2,Verified 2026-09-05: the listing page is a JS shell (39 characters of text) and the official API returns 401 without credentials. Automatable once you add free KAGGLE_USERNAME and KAGGLE_KEY repo secrets.,Browse kaggle.com/competitions when you want a project.,"Rolling - there is always something open, so this is never urgent."
Stanford SOLO / VPUE newsletters,Stanford-only,https://solo.stanford.edu/,Never - announced off-web,"The highest-value Stanford-internal opportunities are announced by email to enrolled students, not published on a diffable page.",Subscribe to the SOLO digest and the VPUE undergraduate research newsletter.,"Weekly, in your inbox."
Bloomberg Global Trading Challenge,Competition,https://portal.bloombergforeducation.com/trading_challenges,Never - blocked,"Probed 2026-09-06: robots.txt explicitly DISALLOWS this path, and the page yields 23 characters of text. Respecting robots.txt means this cannot be polled.",Open the Bloomberg for Education portal in your browser.,Check each quarter; 2026 dates were still TBA.
CME Group University Trading Challenge,Competition,https://www.cmegroup.com/events/university-trading-challenge.html,Never - blocked,"Probed 2026-09-06: the connection failed for an automated client (no HTTP status returned), which usually indicates bot filtering.",Open cmegroup.com in your browser.,Check in early fall.
Hull Tactical Market Prediction (Kaggle),Competition,https://www.kaggle.com/competitions/hull-tactical-market-prediction,Planned - phase 2,Probed 2026-09-06: 42 characters of text - Kaggle pages are JS shells. Automatable via the official Kaggle API once KAGGLE_USERNAME/KAGGLE_KEY secrets exist.,Browse kaggle.com/competitions.,Rolling - never urgent.
MITSUI & Co. Commodity Prediction Challenge (Kaggle),Competition,https://www.kaggle.com/competitions/mitsui-commodity-prediction-challenge,Planned - phase 2,Kaggle listing pages are JS shells; use the official Kaggle API.,Browse kaggle.com/competitions.,Rolling.
CFA Institute Research Challenge,Competition,https://www.cfainstitute.org/insights/events/research-challenge,Never - announced off-web,"Entry is via a university-sponsored team, so the binding information arrives through a Stanford club or department, not the CFA Institute page.",Ask Stanford Finance / Traders @ Stanford whether a team is forming.,Early fall.
IICPC Codefest 2026,Competition,https://codefest.iicpc.com/,Never - nothing to diff,Probed 2026-09-06: 83 characters of visible text. There is nothing to diff even with a browser.,Open codefest.iicpc.com directly.,Check once in spring.
Quantiacs Crypto Contest,Competition,https://quantiacs.com/,Never - nothing to diff,Probed 2026-09-06: 94 characters of visible text; the site is client-rendered.,Open quantiacs.com and check the current contest.,Each quarter.
G-Research Spring into Quant Finance 2026,Quant firm program,https://www.gresearch.com/events/spring-into-quant-finance-2026,Planned - phase 3,"Not probed during ingest. Likely UK-based, which would rule it out on geography.",Open the G-Research events page.,Early spring.
Bloomberg First Year Insights,Tech internship,https://www.bloomberg.com/company/careers/,Never - blocks automation,403 to the honest User-Agent on every bloomberg.com/company path.,Open Bloomberg's students page in your browser.,"Monthly, Sep-Feb"
Wells Fargo Sophomore Experience,Tech internship,https://talent.wellsfargojobs.com/flows/sdfp2026,Never - blocks automation,403 to the honest User-Agent.,Open Wells Fargo's undergraduate programmes page in your browser.,"Monthly, next academic year"
Goldman Sachs Possibilities Summits,Conference / other,https://higher.gs.com/campus,Planned - phase 3,JavaScript shell with no found API.,Open higher.gs.com/campus in your browser.,"Monthly, Sep-Feb"
