rank,band,name,category,value,probability,watch_window,will_this_tool_alert_you,why,url
1,"A - high value, do not miss",Jane Street FTTP,Quant firm program,Very high,Medium,"Sep-Oct, ROLLING",Yes - named in tracked repos today,"First-year only, and the single highest-value freshman program in quant. Rolling review: slots have reportedly filled by late October, so week-one applications face the most open seats. If you do one thing this fall, do this.",https://www.janestreet.com/join-jane-street/programs-and-events/fttp/
2,"A - high value, do not miss",Discover Citadel + Discover Citadel Securities,Quant firm program,Very high,Medium,Nov/Dec - January,No - site blocks automation,"Both are freshman-eligible and marked YES in your sheet, and they are SEPARATE applications - apply to both. Citadel's sites 403 every automated client, so this tool is structurally blind to them. This is the biggest gap in the system.",https://www.citadel.com/careers/programs-and-events/
3,"A - high value, do not miss",SIG First Year Discovery Day,Quant firm program,High,Medium,Opens ~Aug-Sep; event October,Yes - named in tracked repos today,"First-year only. Note your sheet's warning: the 'for Women' Discovery Days are a different, ineligible track - make sure you are looking at the general one.",https://careers.sig.com/discovery-programs/jobs
4,"A - high value, do not miss",Explore Microsoft,Tech internship,High,Medium-high,Late summer - fall,Yes - named in tracked repos today,"A 12-week paid internship explicitly designed for first- and second-years - one of the very few real freshman SWE internships at scale, so the odds are better than the brand suggests.",https://careers.microsoft.com/v2/global/en/exploremicrosoft
5,"A - high value, do not miss",Google ASDI (formerly STEP),Tech internship,High,Medium,Early fall,Yes - named in tracked repos today,"The other flagship freshman/sophomore SWE internship. Search Google Careers for 'Associate Software Developer Intern' - it was RENAMED from STEP, so searching 'STEP' finds nothing.",https://www.google.com/about/careers/applications/jobs/results/?q=Associate%20Software%20Developer%20Intern
6,"A - high value, do not miss",NVIDIA Ignite,Tech internship,High,Medium,"Aug-Sep, deadline Oct-Nov, ROLLING",Yes - named in tracked repos today,"Aimed at current freshmen and sophomores. NVIDIA reviews on a rolling basis and closes when full, so apply early rather than at the deadline.",https://www.nvidia.com/en-us/about-nvidia/careers/university-recruiting/
7,"A - high value, do not miss","Google Student Researcher, BS/MS",Tech internship,High,Medium,"HARD DEADLINE Nov 27, 2026",Yes - named in tracked repos today,"No class-year gate - open to any enrolled bachelor's student, which is unusual and makes it one of the few research-track roles a first-year can actually win. Fixed deadline, so put it in your calendar now.",https://www.google.com/about/careers/applications/jobs/results/
8,"A - high value, do not miss",Citadel Launch,Quant firm program,High,Medium,Aug-Sep,No - site blocks automation,"Early-undergrad program, marked YES. Same Cloudflare block as the rest of Citadel - you must check this one by hand.",https://www.citadel.com/careers/programs-and-events/
9,"A - high value, do not miss",Explore HRT / Inside HRT,Quant firm program,High,Medium,Check - was closed as of last look,Yes - named in tracked repos today,"First- and second-year eligible. HRT's student page is plain HTML and this tool watches it well, so a state change here should reach you.",https://www.hudsonrivertrading.com/student-opportunities/
10,"A - high value, do not miss",AQR Early Engagement Day,Quant firm program,Medium-high,Medium,Fall,No - needs phase 3 page watching,"First- and second-year eligible. AQR's job board is fully client-rendered, so a plain fetch sees nothing - this needs phase 3 or a manual look.",https://careers.aqr.com/jobs/department/university-jobs
11,"A - high value, do not miss",UberSTAR / Capital One TEIP / LinkedIn First Play / Duolingo Thrive,Tech internship,Medium-high,Medium-high,"Dec-Jan (Uber, Capital One); check site (others)",Yes - named in tracked repos today,"The second tier of genuine underclassmen tech programs. Less prestige than Google/Microsoft, materially better odds, and all four are named in the repos this tool already tracks.",https://github.com/Jose-Gael-Cruz-Lopez/underclassmen-opportunities
12,"A - high value, do not miss",DOE SULI,Research / math,High,Medium,Summer cycle opens fall; JANUARY deadline,No - needs phase 3 page watching,"Explicitly NO class-year requirement, paid, at a national lab - one of the strongest research options genuinely open to a first-year. Not mentioned in any repo this tool tracks, so it is on you until phase 3.",https://science.osti.gov/wdts/suli/Key-Dates
13,"B - Stanford-internal, best odds",Stanford CURIS,Stanford-only,High,High,Jan 27 - Feb 10,No - needs phase 3 page watching,"Paid CS research with Stanford faculty, open to any Stanford undergrad. Competing against Stanford students only, which is a far smaller pool than any national program. The site is fully client-rendered and appears in zero tracked repos - check it yourself in January.",https://curis.stanford.edu/
14,"B - Stanford-internal, best odds",Stanford SURIM,Stanford-only,High,High,Deadline ~Feb 26,No - needs phase 3 page watching,"Summer undergraduate research in mathematics, Stanford-internal. Same argument as CURIS: small pool, real money, direct faculty contact.",https://undergradresearch.stanford.edu/
15,"B - Stanford-internal, best odds","Stanford VPUE grants (Faculty, Departmental, Small)",Stanford-only,Medium-high,Very high,Faculty Feb 15; Small grants quarterly,No - needs phase 3 page watching,"Funding, not a competition - if you have a faculty sponsor and a coherent plan, these are close to a formality. The quarterly Small Grants are the easiest money on this entire sheet. Note the Major Grant mentor letter is due Mar 8.",https://undergradresearch.stanford.edu/
16,"B - Stanford-internal, best odds",Stanford Directed Reading Program (math),Stanford-only,Medium,Very high,Start of each quarter,No - needs phase 3 page watching,"A one-on-one reading course with a grad student. Essentially uncapped, repeatable every quarter, and the single cheapest way to build a real math relationship as a first-year.",https://mathematics.stanford.edu/
17,"B - Stanford-internal, best odds",Stanford CS Section Leading (106A/B),Stanford-only,Medium-high,High,Each quarter,No - needs phase 3 page watching,"Paid, on-campus, repeatable, and a genuine credential on a quant/SWE resume. Available as soon as you have taken 106A/B - apply the very first quarter you are eligible.",https://cs198.stanford.edu/
18,"B - Stanford-internal, best odds",Stanford SymSys Summer Internships,Stanford-only,Medium,High,Priority Feb 18,No - needs phase 3 page watching,"Stanford-only pool. The SymSys page is plain HTML, so phase 3 will cover it well; until then check it in February.",https://symsys.stanford.edu/
19,"B - Stanford-internal, best odds",Traders @ Stanford / Quant Gym,Stanford-only,Medium-high,Very high,Fall - join in week 1,No - announced by email/social,"Not an application, and it is the gateway to several competitions that only accept university-sponsored teams. It is also where you will hear about Cornell CTC and UChicago UTC before any website says anything.",
20,"C - open entry, participation is the only gate",Jane Street Puzzles (monthly),Quant firm program,Medium,Certain,"Always open, monthly",Yes - named in tracked repos today,"No gate at all. A submitted solution is a real touchpoint with the firm you most want, every single month, for the price of an evening.",https://www.janestreet.com/puzzles/
21,"C - open entry, participation is the only gate",Kaggle Competitions,Competition,High,Certain,Rolling - never urgent,No - needs Kaggle API credentials,"Open entry, no class-year or identity gate. A leaderboard placing is portable, verifiable evidence - and the Optiver and Jane Street sponsored competitions read as quant credentials specifically. Your sheet already flags these as a legitimate substitute if ETC never materialises.",https://www.kaggle.com/competitions
22,"C - open entry, participation is the only gate",IMC Prosperity Trading Competition,Quant firm program,High,Certain,Tutorial ~mid-March,No - needs phase 3 page watching,"Open to anyone 18+ and enrolled. Algorithmic trading against thousands of teams - high signal, zero admission risk. Appears in no tracked repo, so diarise mid-March yourself.",https://prosperity.imc.com/
23,"C - open entry, participation is the only gate","Intercollegiate trading competitions (Cornell CTC, UChicago UTC, MIT, Berkeley, Yale, Duke, Georgetown)",Competition,High,High,Cornell early fall; UChicago November; others winter/spring,No - announced by email/social,"Team registration rather than individual selection, so getting in is mostly about hearing in time. That is exactly what this tool cannot do for you: announcements go out on Instagram and listservs first. Cornell CTC in early fall is the most time-critical item on the whole sheet.",https://cornellquantfund.org/competition
24,"C - open entry, participation is the only gate",WorldQuant IQC / BRAIN,Quant firm program,Medium,Certain,Registration opens ~March,Yes - named in tracked repos today,"Open to any university student 18+. Low effort to enter, and BRAIN is usable year-round as a self-directed project.",https://www.worldquant.com/brain/iqc/
25,"C - open entry, participation is the only gate",QuantConnect Quant League,Competition,Medium,Certain,Every calendar quarter,No - needs phase 3 page watching,"Quarterly, so you get four attempts a year and missing one costs almost nothing. Good backtesting practice that produces something concrete to talk about.",https://www.quantconnect.com/league/
26,"C - open entry, participation is the only gate",Google Summer of Code,Tech internship,High,Medium,Orgs announced Feb; apply ~Mar 16-31,No - needs phase 3 page watching,"Paid, remote, and open to any 18+ student with limited prior involvement. Critically, the work starts BEFORE the application: pre-application contributions to the org are the strongest predictor of selection, so start contributing in January, not March.",https://summerofcode.withgoogle.com/
27,"C - open entry, participation is the only gate",UChicago Math REU - Apprentice Program,Research / math,High,Medium,Deadline ~Feb 6,No - needs phase 3 page watching,"The Apprentice track is explicitly for freshmen and sophomores, which is rare among REUs - most will not consider a first-year at all. Note the year is in the URL path, so watch for a 2027 page appearing.",https://math.uchicago.edu/~may/REU2026/
28,"C - open entry, participation is the only gate",Polymath Jr REU,Research / math,Medium,High,Deadline ~Apr 1,No - needs phase 3 page watching,"Large, online, and takes any undergrad with the background - one of the few math research programs where a first-year is a normal applicant rather than an exception.",https://geometrynyc.wixsite.com/polymathreu
29,"C - open entry, participation is the only gate",MLH Fellowship,Tech internship,Medium,Medium,Rolling; fall batch closes early,Yes - named in tracked repos today,"Any student, rolling batches. Structured open-source work with a stipend, and a reasonable fallback if the freshman internship programs do not land.",https://fellowship.mlh.io/
30,"C - open entry, participation is the only gate","Always-open self-serve credentials (AQR Quanta Academy, Akuna University, JPM Quantitative Research Virtual Experience)",Quant firm program,Low-medium,Certain,Always open,N/A - never closes,"No deadline, no selection, no rejection. Worth doing once each in a quiet week purely so the firm's name appears on your resume with something real behind it. Do not spend fall on these at the expense of rank 1-12.",https://careers.aqr.com/
